Date,Channel,Sessions,Transactions,AOV,CPA
12/31/2017,Channel A,1155,263,58.97,10
12/31/2017,Channel B,1311,108,72.06,27
12/31/2017,Channel C,1322,115,56.51,5
12/31/2017,Channel D,2320,198,63.71,14
12/30/2017,Channel A,1674,341,59.21,3
12/30/2017,Channel B,1688,145,68.88,15
12/30/2017,Channel C,2976,238,62.41,11
12/30/2017,Channel D,3150,249,66.16,15
12/29/2017,Channel A,2368,559,62.21,7
12/29/2017,Channel B,2383,268,71.74,15
12/29/2017,Channel C,2045,233,62.45,8
12/29/2017,Channel D,4657,475,66.77,17
12/28/2017,Channel A,2681,613,63.7,7
12/28/2017,Channel B,2827,337,74.88,24
12/28/2017,Channel C,4119,410,63.59,10
12/28/2017,Channel D,4990,545,66.82,17
12/27/2017,Channel A,2999,673,66.82,6
12/27/2017,Channel B,2997,367,75.22,16
12/27/2017,Channel C,3324,308,60.61,5
12/27/2017,Channel D,5058,518,68.8,10
12/26/2017,Channel A,2427,524,65.11,7
12/26/2017,Channel B,2269,263,77.42,21
12/26/2017,Channel C,3759,296,60.8,11
12/26/2017,Channel D,4343,459,68.5,12
12/25/2017,Channel A,1005,174,63.43,6
12/25/2017,Channel B,976,79,77.75,15
12/25/2017,Channel C,1350,75,64.36,8
12/25/2017,Channel D,2084,158,65.93,15
12/24/2017,Channel A,2000,319,62.78,6
12/24/2017,Channel B,1115,98,70.12,33
12/24/2017,Channel C,4023,251,65.59,6
12/24/2017,Channel D,3335,271,65.73,14
12/23/2017,Channel A,4053,701,62.34,10
12/23/2017,Channel B,1855,236,63.99,18
12/23/2017,Channel C,9948,980,66.07,7
12/23/2017,Channel D,5872,543,66.95,20
12/22/2017,Channel A,5631,1214,66.46,5
12/22/2017,Channel B,2961,432,66.54,19
12/22/2017,Channel C,14833,1921,67.13,9
12/22/2017,Channel D,9106,1076,69.41,10
12/21/2017,Channel A,6899,1625,66.54,7
12/21/2017,Channel B,4138,654,69.24,25
12/21/2017,Channel C,19106,2460,65.42,12
12/21/2017,Channel D,10252,1383,70.82,11
12/20/2017,Channel A,7763,1911,67.26,4
12/20/2017,Channel B,4791,781,69.6,27
12/20/2017,Channel C,19904,2512,65.26,5
12/20/2017,Channel D,10533,1542,69.73,18
12/19/2017,Channel A,8292,1958,66.54,7
12/19/2017,Channel B,4819,791,68.87,25
12/19/2017,Channel C,23181,2893,66.05,5
12/19/2017,Channel D,10490,1573,69.82,18
12/18/2017,Channel A,7989,2024,64.26,8
12/18/2017,Channel B,5169,938,69.61,34
12/18/2017,Channel C,21165,2806,65.08,10
12/18/2017,Channel D,10592,1611,69.44,19
12/17/2017,Channel A,4799,1153,64.16,8
12/17/2017,Channel B,3206,547,66.21,33
12/17/2017,Channel C,16556,2018,66.73,8
12/17/2017,Channel D,5744,802,69.24,15
12/16/2017,Channel A,4102,1015,64.58,7
12/16/2017,Channel B,3766,616,65.45,29
12/16/2017,Channel C,15610,1676,64.95,9
12/16/2017,Channel D,5862,661,67.75,17
12/15/2017,Channel A,5523,1366,65.56,5
12/15/2017,Channel B,9557,1007,68.13,30
12/15/2017,Channel C,21234,2220,64.45,12
12/15/2017,Channel D,8436,1149,69.32,17
12/14/2017,Channel A,5721,1390,67.13,3
12/14/2017,Channel B,5081,685,71.3,17
12/14/2017,Channel C,31868,1747,67.53,11
12/14/2017,Channel D,8837,1159,69.5,19
12/13/2017,Channel A,6703,1515,67.79,8
12/13/2017,Channel B,5951,756,73.19,33
12/13/2017,Channel C,13960,1505,66.5,7
12/13/2017,Channel D,8946,1179,70.15,12
12/12/2017,Channel A,6396,1416,66.23,5
12/12/2017,Channel B,8856,875,68.54,22
12/12/2017,Channel C,11531,1266,65.75,6
12/12/2017,Channel D,8850,1193,68.77,18
12/11/2017,Channel A,5459,1392,65.84,6
12/11/2017,Channel B,4779,691,68.95,28
12/11/2017,Channel C,14497,1613,63.45,10
12/11/2017,Channel D,8741,1184,68.46,19
12/10/2017,Channel A,3323,767,64.81,10
12/10/2017,Channel B,3350,396,68.87,24
12/10/2017,Channel C,10727,1120,66.61,6
12/10/2017,Channel D,4805,600,67.29,16
12/9/2017,Channel A,2893,628,67.09,7
12/9/2017,Channel B,3855,412,70.05,34
12/9/2017,Channel C,12215,1143,64.43,9
12/9/2017,Channel D,4687,511,68.22,11
12/8/2017,Channel A,4097,960,66.14,6
12/8/2017,Channel B,7330,631,72.17,30
12/8/2017,Channel C,12003,1214,62.18,8
12/8/2017,Channel D,7134,841,69.97,10
12/7/2017,Channel A,4563,1110,66.21,6
12/7/2017,Channel B,13463,748,76.44,15
12/7/2017,Channel C,13851,1619,63.88,8
12/7/2017,Channel D,7782,947,70,11
12/6/2017,Channel A,4486,1092,66.25,5
12/6/2017,Channel B,8531,512,74.71,34
12/6/2017,Channel C,12064,1154,65.24,10
12/6/2017,Channel D,7866,997,67.87,11
12/5/2017,Channel A,4345,1079,65.58,7
12/5/2017,Channel B,2940,469,74.6,19
12/5/2017,Channel C,14014,1234,61.85,12
12/5/2017,Channel D,7902,977,68.85,12
12/4/2017,Channel A,4049,1022,65.84,3
12/4/2017,Channel B,2665,404,78.77,30
12/4/2017,Channel C,12361,1164,60.63,7
12/4/2017,Channel D,7835,979,65.91,17
12/3/2017,Channel A,2601,546,63.51,4
12/3/2017,Channel B,1621,211,74.84,25
12/3/2017,Channel C,10070,829,62.51,7
12/3/2017,Channel D,4275,440,65.41,13
12/2/2017,Channel A,2400,465,65.18,9
12/2/2017,Channel B,1703,202,68.89,18
12/2/2017,Channel C,7870,512,62.48,8
12/2/2017,Channel D,4226,369,65.21,20
12/1/2017,Channel A,3648,744,65.48,3
12/1/2017,Channel B,2751,380,72.47,31
12/1/2017,Channel C,8687,749,64.83,11
12/1/2017,Channel D,6648,789,69.17,17
11/30/2017,Channel A,3902,910,66.16,4
11/30/2017,Channel B,2962,400,76.07,15
11/30/2017,Channel C,9797,1002,65.62,8
11/30/2017,Channel D,7186,823,68.69,16
11/29/2017,Channel A,3916,905,67.88,7
11/29/2017,Channel B,2891,349,73.09,35
11/29/2017,Channel C,9897,848,59.75,5
11/29/2017,Channel D,6889,795,66.81,11
11/28/2017,Channel A,3530,849,64.42,3
11/28/2017,Channel B,2810,315,76.21,16
11/28/2017,Channel C,11273,1087,60.69,11
11/28/2017,Channel D,6851,832,68.1,17
11/27/2017,Channel A,4426,1063,66.67,8
11/27/2017,Channel B,3289,338,79.96,27
11/27/2017,Channel C,13922,1584,66.66,8
11/27/2017,Channel D,7867,945,67.03,19
11/26/2017,Channel A,1965,386,64.4,4
11/26/2017,Channel B,1516,139,75.12,23
11/26/2017,Channel C,5928,462,63.55,5
11/26/2017,Channel D,3698,343,65.07,18
11/25/2017,Channel A,1704,320,63.42,9
11/25/2017,Channel B,1527,150,77.23,23
11/25/2017,Channel C,5292,302,58.24,6
11/25/2017,Channel D,3196,251,63.84,12
11/24/2017,Channel A,2207,403,66.08,5
11/24/2017,Channel B,1689,173,75.09,32
11/24/2017,Channel C,6343,422,59.62,7
11/24/2017,Channel D,3874,332,67.63,11
11/23/2017,Channel A,1525,208,64.17,6
11/23/2017,Channel B,1048,74,79.87,30
11/23/2017,Channel C,1725,99,66.31,7
11/23/2017,Channel D,2443,198,67.28,15
11/22/2017,Channel A,2625,638,65.45,5
11/22/2017,Channel B,2155,234,73.52,32
11/22/2017,Channel C,7730,631,63.14,8
11/22/2017,Channel D,5979,712,69.08,19
11/21/2017,Channel A,3501,921,66.45,3
11/21/2017,Channel B,2362,304,70.12,34
11/21/2017,Channel C,9835,1165,61.58,8
11/21/2017,Channel D,7363,1007,66.22,16
11/20/2017,Channel A,3908,1034,64.23,6
11/20/2017,Channel B,2775,394,71.37,15
11/20/2017,Channel C,11620,1324,60.47,6
11/20/2017,Channel D,7539,1119,65.58,11
11/19/2017,Channel A,2197,556,61.12,6
11/19/2017,Channel B,1961,244,67.39,18
11/19/2017,Channel C,7280,798,61.29,8
11/19/2017,Channel D,4026,496,65.96,15
11/18/2017,Channel A,1835,420,62.59,5
11/18/2017,Channel B,2127,214,73.58,16
11/18/2017,Channel C,5808,546,59.14,12
11/18/2017,Channel D,3928,400,65.63,20
11/17/2017,Channel A,2894,695,65.61,7
11/17/2017,Channel B,3723,344,77.38,31
11/17/2017,Channel C,8226,745,60.94,8
11/17/2017,Channel D,6178,847,66.83,18
11/16/2017,Channel A,3489,875,63.45,10
11/16/2017,Channel B,8968,505,73.01,25
11/16/2017,Channel C,10550,1040,61.6,11
11/16/2017,Channel D,6893,948,67.54,14
11/15/2017,Channel A,3517,894,63.89,6
11/15/2017,Channel B,3860,347,75.54,22
11/15/2017,Channel C,7768,755,57.69,6
11/15/2017,Channel D,6709,921,64.88,15
11/14/2017,Channel A,3396,900,62.45,3
11/14/2017,Channel B,3794,341,73.6,15
11/14/2017,Channel C,7811,703,61.12,7
11/14/2017,Channel D,6632,933,64.18,15
11/13/2017,Channel A,3475,934,61.72,3
11/13/2017,Channel B,2439,286,75.42,20
11/13/2017,Channel C,7047,643,56.69,8
11/13/2017,Channel D,6815,950,63.76,12
11/12/2017,Channel A,1812,420,61.38,3
11/12/2017,Channel B,1370,129,75.58,21
11/12/2017,Channel C,2051,196,62.73,8
11/12/2017,Channel D,3234,342,65.28,12
11/11/2017,Channel A,1942,413,63.74,4
11/11/2017,Channel B,1542,140,76.73,30
11/11/2017,Channel C,3694,275,62.21,8
11/11/2017,Channel D,3254,296,65.42,14
11/10/2017,Channel A,2509,612,67.07,6
11/10/2017,Channel B,2164,259,76.71,25
11/10/2017,Channel C,3871,283,64.92,6
11/10/2017,Channel D,5456,659,67.82,17
11/9/2017,Channel A,3032,756,67.51,6
11/9/2017,Channel B,2745,289,75.1,18
11/9/2017,Channel C,7400,541,62.2,8
11/9/2017,Channel D,6570,857,66.4,15
11/8/2017,Channel A,3407,876,62.47,9
11/8/2017,Channel B,3192,295,77.52,22
11/8/2017,Channel C,6423,480,60.11,9
11/8/2017,Channel D,8297,1173,65.02,16
11/7/2017,Channel A,3325,864,64.33,6
11/7/2017,Channel B,2363,306,77.64,19
11/7/2017,Channel C,4425,358,57.68,9
11/7/2017,Channel D,11622,1681,64.99,10
11/6/2017,Channel A,3393,897,61.38,7
11/6/2017,Channel B,2277,285,76.59,19
11/6/2017,Channel C,6813,590,57.06,5
11/6/2017,Channel D,11173,1734,64.88,18
11/5/2017,Channel A,1832,402,59.02,5
11/5/2017,Channel B,1381,155,76.04,34
11/5/2017,Channel C,2360,222,59.76,5
11/5/2017,Channel D,6433,704,64.89,19
11/4/2017,Channel A,1620,315,63.34,4
11/4/2017,Channel B,1339,135,76.43,15
11/4/2017,Channel C,4315,291,60.03,8
11/4/2017,Channel D,6141,646,65.01,17
11/3/2017,Channel A,2686,671,63.72,10
11/3/2017,Channel B,2076,264,76.9,31
11/3/2017,Channel C,7642,656,58.46,7
11/3/2017,Channel D,10482,1401,67.04,12
11/2/2017,Channel A,3190,787,63.31,6
11/2/2017,Channel B,2392,310,79.39,16
11/2/2017,Channel C,6921,540,58.75,12
11/2/2017,Channel D,11401,1575,66.81,16
11/1/2017,Channel A,3157,846,61.7,5
11/1/2017,Channel B,2334,336,77.82,17
11/1/2017,Channel C,6766,542,55.79,8
11/1/2017,Channel D,9234,1257,66.05,19
10/31/2017,Channel A,2844,778,61.76,6
10/31/2017,Channel B,2203,294,72.94,34
10/31/2017,Channel C,6055,483,60.01,11
10/31/2017,Channel D,5839,829,64.61,15
10/30/2017,Channel A,3029,818,61.89,5
10/30/2017,Channel B,2318,291,72.72,17
10/30/2017,Channel C,7500,587,54.65,6
10/30/2017,Channel D,6234,888,63.74,18
10/29/2017,Channel A,1518,395,59.33,3
10/29/2017,Channel B,1335,114,70.75,20
10/29/2017,Channel C,2072,204,61.08,8
10/29/2017,Channel D,2907,334,63.24,18
10/28/2017,Channel A,1371,318,61.06,8
10/28/2017,Channel B,1265,130,73.38,33
10/28/2017,Channel C,4032,286,60.04,12
10/28/2017,Channel D,2861,288,64.38,17
10/27/2017,Channel A,2501,650,64.29,5
10/27/2017,Channel B,1928,250,76.58,23
10/27/2017,Channel C,3982,293,62.99,11
10/27/2017,Channel D,5150,672,69.05,16
10/26/2017,Channel A,2952,807,63.89,5
10/26/2017,Channel B,2507,332,75.11,15
10/26/2017,Channel C,11075,628,61.58,9
10/26/2017,Channel D,5983,805,66.79,14
10/25/2017,Channel A,3204,877,61.38,10
10/25/2017,Channel B,2881,371,71.07,25
10/25/2017,Channel C,5854,519,57.36,12
10/25/2017,Channel D,6184,861,64.84,12
10/24/2017,Channel A,3430,959,60.73,3
10/24/2017,Channel B,2448,351,72.74,28
10/24/2017,Channel C,4444,445,58.29,10
10/24/2017,Channel D,6483,969,64.65,11
10/23/2017,Channel A,3383,972,60.8,7
10/23/2017,Channel B,2138,325,75.08,31
10/23/2017,Channel C,6184,573,54.79,11
10/23/2017,Channel D,6368,924,64.45,17
10/22/2017,Channel A,1643,414,61.75,8
10/22/2017,Channel B,1228,139,69.13,16
10/22/2017,Channel C,1804,210,58.72,5
10/22/2017,Channel D,2948,338,64.57,12
10/21/2017,Channel A,1512,349,62.09,8
10/21/2017,Channel B,1316,156,70.97,20
10/21/2017,Channel C,4093,308,59.47,6
10/21/2017,Channel D,3116,296,65.48,10
10/20/2017,Channel A,2547,664,64.35,10
10/20/2017,Channel B,1981,283,77.21,34
10/20/2017,Channel C,3361,287,60.25,12
10/20/2017,Channel D,5639,765,67.7,12
10/19/2017,Channel A,3096,759,63.55,5
10/19/2017,Channel B,2439,341,75.83,18
10/19/2017,Channel C,6047,572,61.01,5
10/19/2017,Channel D,6280,849,66.23,14
10/18/2017,Channel A,3467,878,61.54,4
10/18/2017,Channel B,2972,348,71.52,27
10/18/2017,Channel C,5689,534,56.32,10
10/18/2017,Channel D,6385,939,64.71,15
10/17/2017,Channel A,3440,882,61.32,9
10/17/2017,Channel B,4401,352,66.62,35
10/17/2017,Channel C,3754,328,57.65,7
10/17/2017,Channel D,6406,918,63.94,19
10/16/2017,Channel A,3820,990,60.37,4
10/16/2017,Channel B,2211,324,71.32,35
10/16/2017,Channel C,6034,576,55.06,5
10/16/2017,Channel D,7217,1046,63.11,17
10/15/2017,Channel A,1886,440,59.73,9
10/15/2017,Channel B,1396,151,70.42,26
10/15/2017,Channel C,1730,186,57.86,12
10/15/2017,Channel D,3218,378,63.55,16
10/14/2017,Channel A,1620,374,61.17,5
10/14/2017,Channel B,1221,139,74.61,15
10/14/2017,Channel C,3492,254,59.97,7
10/14/2017,Channel D,3072,299,67.33,17
10/13/2017,Channel A,3194,763,63.74,6
10/13/2017,Channel B,1840,279,73.96,25
10/13/2017,Channel C,3344,294,63.52,11
10/13/2017,Channel D,5611,729,66.31,19
10/12/2017,Channel A,3452,841,63.55,8
10/12/2017,Channel B,2179,299,74.61,30
10/12/2017,Channel C,6489,529,60.38,8
10/12/2017,Channel D,6145,811,67.39,10
10/11/2017,Channel A,3573,946,61.63,5
10/11/2017,Channel B,2706,319,71.14,33
10/11/2017,Channel C,5778,564,57.02,6
10/11/2017,Channel D,6376,900,65.8,12
10/10/2017,Channel A,3362,887,62.51,4
10/10/2017,Channel B,2141,317,69.92,31
10/10/2017,Channel C,6541,589,55.36,9
10/10/2017,Channel D,6284,878,64.92,14
10/9/2017,Channel A,3376,866,60.42,6
10/9/2017,Channel B,1890,276,73.38,30
10/9/2017,Channel C,6489,753,57.81,12
10/9/2017,Channel D,5691,834,63.89,13
10/8/2017,Channel A,1679,386,60.86,5
10/8/2017,Channel B,1201,156,71.69,29
10/8/2017,Channel C,1896,228,59.79,7
10/8/2017,Channel D,2872,321,60.56,20
10/7/2017,Channel A,1452,336,60.81,9
10/7/2017,Channel B,1123,121,75.01,17
10/7/2017,Channel C,4359,353,61.15,6
10/7/2017,Channel D,2863,314,63.04,18
10/6/2017,Channel A,2682,671,65.05,4
10/6/2017,Channel B,1780,239,73.24,25
10/6/2017,Channel C,3648,364,61.05,10
10/6/2017,Channel D,5317,719,66.49,17
10/5/2017,Channel A,3319,789,63,9
10/5/2017,Channel B,2028,300,74.1,24
10/5/2017,Channel C,6972,660,59.47,12
10/5/2017,Channel D,6109,795,65.86,20
10/4/2017,Channel A,3140,728,63.09,4
10/4/2017,Channel B,1891,268,74.51,30
10/4/2017,Channel C,5574,516,57.04,9
10/4/2017,Channel D,5776,739,64.85,20
10/3/2017,Channel A,3539,876,61.85,8
10/3/2017,Channel B,1957,295,73.11,15
10/3/2017,Channel C,4318,487,58.65,5
10/3/2017,Channel D,6170,886,64.54,13
10/2/2017,Channel A,3702,938,62.21,8
10/2/2017,Channel B,1920,302,71.71,34
10/2/2017,Channel C,6504,655,54.67,7
10/2/2017,Channel D,6142,918,63.83,12
10/1/2017,Channel A,1806,403,60.47,9
10/1/2017,Channel B,1119,156,68.78,23
10/1/2017,Channel C,1603,199,58.56,8
10/1/2017,Channel D,3110,353,65.7,15
9/30/2017,Channel A,1472,330,60.79,7
9/30/2017,Channel B,1133,138,70.29,33
9/30/2017,Channel C,3222,269,58.3,12
9/30/2017,Channel D,3048,312,65.7,12
9/29/2017,Channel A,2676,686,63.51,7
9/29/2017,Channel B,1849,295,77.85,25
9/29/2017,Channel C,3575,341,61.85,8
9/29/2017,Channel D,5371,743,65.7,14
9/28/2017,Channel A,3216,810,61.94,7
9/28/2017,Channel B,2142,300,76.39,28
9/28/2017,Channel C,5905,583,61.4,10
9/28/2017,Channel D,5949,825,66.94,11
9/27/2017,Channel A,3400,856,61.87,8
9/27/2017,Channel B,2397,318,77.8,19
9/27/2017,Channel C,6677,637,52.35,12
9/27/2017,Channel D,6046,850,65.96,20
9/26/2017,Channel A,3600,900,62.85,4
9/26/2017,Channel B,2166,310,76.52,15
9/26/2017,Channel C,4356,464,58.16,10
9/26/2017,Channel D,6128,878,65.76,17
9/25/2017,Channel A,3700,923,60.16,3
9/25/2017,Channel B,1995,286,77.3,22
9/25/2017,Channel C,7340,652,53,11
9/25/2017,Channel D,6277,891,63.75,18
9/24/2017,Channel A,1712,397,61.02,6
9/24/2017,Channel B,1111,108,70.84,29
9/24/2017,Channel C,1750,220,57.58,7
9/24/2017,Channel D,2928,334,64.26,15
9/23/2017,Channel A,1482,321,61.01,5
9/23/2017,Channel B,1179,101,77.6,32
9/23/2017,Channel C,3588,288,58.82,12
9/23/2017,Channel D,3067,281,64.33,10
9/22/2017,Channel A,2638,613,63.83,6
9/22/2017,Channel B,2002,229,78.56,19
9/22/2017,Channel C,3641,304,61.94,12
9/22/2017,Channel D,5268,663,67.02,18
9/21/2017,Channel A,3241,788,63.69,10
9/21/2017,Channel B,2118,269,77.79,16
9/21/2017,Channel C,6941,597,59.42,8
9/21/2017,Channel D,6139,822,66.25,11
9/20/2017,Channel A,3539,845,62.4,8
9/20/2017,Channel B,2228,235,72.24,35
9/20/2017,Channel C,6572,575,56.92,8
9/20/2017,Channel D,6324,888,64.63,17
9/19/2017,Channel A,3488,850,62.74,9
9/19/2017,Channel B,2117,287,78,30
9/19/2017,Channel C,3868,390,59.86,5
9/19/2017,Channel D,6333,892,66.15,10
9/18/2017,Channel A,3600,925,60.57,4
9/18/2017,Channel B,2139,296,74.63,17
9/18/2017,Channel C,6836,687,55.79,5
9/18/2017,Channel D,6527,936,63.62,14
9/17/2017,Channel A,1724,401,60.88,10
9/17/2017,Channel B,1131,144,71.96,16
9/17/2017,Channel C,1635,183,60.93,9
9/17/2017,Channel D,3076,368,63.3,14
9/16/2017,Channel A,1504,330,60.83,10
9/16/2017,Channel B,1164,133,76.68,27
9/16/2017,Channel C,3449,262,62.85,5
9/16/2017,Channel D,3090,343,65.29,20
9/15/2017,Channel A,2734,649,64.1,7
9/15/2017,Channel B,1927,264,81.36,31
9/15/2017,Channel C,3346,304,62.47,11
9/15/2017,Channel D,5348,769,66.31,20
9/14/2017,Channel A,3399,766,63.67,8
9/14/2017,Channel B,2131,304,77.48,29
9/14/2017,Channel C,5683,498,61.42,5
9/14/2017,Channel D,5859,801,65.9,12
9/13/2017,Channel A,3586,757,62.77,3
9/13/2017,Channel B,2386,291,77.02,29
9/13/2017,Channel C,5125,526,63.46,6
9/13/2017,Channel D,5671,748,65.45,19
9/12/2017,Channel A,2867,690,62.72,4
9/12/2017,Channel B,1873,241,74.53,20
9/12/2017,Channel C,3261,326,60.53,11
9/12/2017,Channel D,5481,712,64.74,12
9/11/2017,Channel A,2885,718,60.49,3
9/11/2017,Channel B,1697,216,74.75,32
9/11/2017,Channel C,5275,527,61.52,6
9/11/2017,Channel D,5391,772,64.61,20
9/10/2017,Channel A,1375,309,59.41,8
9/10/2017,Channel B,901,101,72.82,28
9/10/2017,Channel C,1512,179,63.02,7
9/10/2017,Channel D,2616,299,65.06,11
9/9/2017,Channel A,1350,309,61.41,3
9/9/2017,Channel B,1024,107,73.61,20
9/9/2017,Channel C,3034,241,62.53,10
9/9/2017,Channel D,2610,253,66.02,13
9/8/2017,Channel A,2336,605,62.02,7
9/8/2017,Channel B,1555,217,75.28,26
9/8/2017,Channel C,4180,343,62.24,12
9/8/2017,Channel D,4649,616,67.49,13
9/7/2017,Channel A,2937,708,63.86,3
9/7/2017,Channel B,1928,285,77.89,22
9/7/2017,Channel C,5754,521,61.41,12
9/7/2017,Channel D,5592,777,65.28,16
9/6/2017,Channel A,3072,761,61.59,5
9/6/2017,Channel B,1937,265,77.19,26
9/6/2017,Channel C,5666,515,58.69,7
9/6/2017,Channel D,5513,761,66.01,13
9/5/2017,Channel A,3138,830,61.72,6
9/5/2017,Channel B,1827,262,77.19,29
9/5/2017,Channel C,6212,596,55.97,8
9/5/2017,Channel D,5674,835,64.62,10
9/4/2017,Channel A,1931,449,61.47,4
9/4/2017,Channel B,982,145,71.67,23
9/4/2017,Channel C,1656,160,58.61,10
9/4/2017,Channel D,3142,408,64.13,13
9/3/2017,Channel A,1320,279,60.21,10
9/3/2017,Channel B,894,84,76,23
9/3/2017,Channel C,1250,125,56.79,10
9/3/2017,Channel D,2351,232,61.3,18
9/2/2017,Channel A,1361,284,59.27,8
9/2/2017,Channel B,1025,91,71.99,28
9/2/2017,Channel C,1843,156,60.66,7
9/2/2017,Channel D,2701,275,63.7,20
9/1/2017,Channel A,2336,554,62.64,3
9/1/2017,Channel B,1589,199,72.78,20
9/1/2017,Channel C,3421,301,60.94,11
9/1/2017,Channel D,4793,642,66,20
8/31/2017,Channel A,2859,695,62.73,10
8/31/2017,Channel B,1897,254,73.33,21
8/31/2017,Channel C,5698,618,61.69,5
8/31/2017,Channel D,5364,708,66.66,10
8/30/2017,Channel A,3005,734,62.28,6
8/30/2017,Channel B,3106,268,73.68,21
8/30/2017,Channel C,6065,646,57.31,8
8/30/2017,Channel D,5412,733,66.06,18
8/29/2017,Channel A,3120,761,61.89,4
8/29/2017,Channel B,1739,231,72.36,35
8/29/2017,Channel C,6277,566,56.27,11
8/29/2017,Channel D,5556,777,65.16,14
8/28/2017,Channel A,3126,828,59.81,7
8/28/2017,Channel B,1581,207,72.47,16
8/28/2017,Channel C,6267,607,58.3,5
8/28/2017,Channel D,5579,792,64.18,18
8/27/2017,Channel A,1654,391,60.26,10
8/27/2017,Channel B,583,74,61.24,23
8/27/2017,Channel C,1747,195,60.75,6
8/27/2017,Channel D,2761,335,64.24,19
8/26/2017,Channel A,1486,326,60.18,7
8/26/2017,Channel B,1050,108,76.57,25
8/26/2017,Channel C,3543,265,59.88,6
8/26/2017,Channel D,2760,251,61.8,18
8/25/2017,Channel A,2547,640,62.96,3
8/25/2017,Channel B,1678,191,76.31,21
8/25/2017,Channel C,3864,359,57.94,8
8/25/2017,Channel D,4842,664,65.46,14
8/24/2017,Channel A,3137,768,62.65,7
8/24/2017,Channel B,1972,251,78.34,35
8/24/2017,Channel C,6789,627,61.08,7
8/24/2017,Channel D,5604,747,66.78,12
8/23/2017,Channel A,3504,845,60.96,7
8/23/2017,Channel B,2061,287,77.22,16
8/23/2017,Channel C,6890,640,51.82,7
8/23/2017,Channel D,5823,828,65.56,13
8/22/2017,Channel A,3368,835,61.9,5
8/22/2017,Channel B,2184,264,76.85,34
8/22/2017,Channel C,3865,405,58.79,6
8/22/2017,Channel D,5840,844,63.92,13
8/21/2017,Channel A,3094,793,60.7,8
8/21/2017,Channel B,1763,239,74.52,29
8/21/2017,Channel C,7932,805,50.96,8
8/21/2017,Channel D,5522,798,63.54,20
8/20/2017,Channel A,1591,380,60.04,8
8/20/2017,Channel B,1025,118,72.75,21
8/20/2017,Channel C,1731,203,61.34,9
8/20/2017,Channel D,2935,324,63.45,16
8/19/2017,Channel A,1401,319,59.26,3
8/19/2017,Channel B,1070,98,75.73,15
8/19/2017,Channel C,3961,309,62.12,10
8/19/2017,Channel D,2939,309,62.41,12
8/18/2017,Channel A,2413,601,63.38,9
8/18/2017,Channel B,1845,236,75.28,25
8/18/2017,Channel C,3237,311,62.95,9
8/18/2017,Channel D,4956,637,67,10
8/17/2017,Channel A,2860,702,61.76,8
8/17/2017,Channel B,2136,300,78.23,16
8/17/2017,Channel C,5825,580,62.89,8
8/17/2017,Channel D,5676,753,64.31,19
8/16/2017,Channel A,3192,783,62.32,5
8/16/2017,Channel B,2372,299,72.58,15
8/16/2017,Channel C,6280,512,56.99,9
8/16/2017,Channel D,5673,790,64.51,18
8/15/2017,Channel A,2950,749,61.17,8
8/15/2017,Channel B,1894,249,72.9,15
8/15/2017,Channel C,3535,373,59.99,6
8/15/2017,Channel D,5831,841,63.44,10
8/14/2017,Channel A,3047,794,60.54,3
8/14/2017,Channel B,1884,218,76.75,31
8/14/2017,Channel C,6628,589,55.95,6
8/14/2017,Channel D,5629,750,64.87,19
8/13/2017,Channel A,1429,322,60.64,3
8/13/2017,Channel B,1043,81,86.41,20
8/13/2017,Channel C,1688,190,60.89,12
8/13/2017,Channel D,2718,297,64.61,12
8/12/2017,Channel A,1293,286,59.1,3
8/12/2017,Channel B,1119,96,82.58,30
8/12/2017,Channel C,3831,282,60.06,7
8/12/2017,Channel D,2827,273,63.87,15
8/11/2017,Channel A,2374,586,63.7,9
8/11/2017,Channel B,1744,210,85.43,30
8/11/2017,Channel C,3516,320,61.92,7
8/11/2017,Channel D,4839,630,65.82,20
8/10/2017,Channel A,2800,708,63.19,10
8/10/2017,Channel B,1916,228,82.67,33
8/10/2017,Channel C,5720,504,61.46,7
8/10/2017,Channel D,5170,663,66.23,16
8/9/2017,Channel A,2877,725,61.77,6
8/9/2017,Channel B,1933,212,81.06,21
8/9/2017,Channel C,6281,585,53.63,12
8/9/2017,Channel D,5371,736,64.3,14
8/8/2017,Channel A,2910,733,60.81,5
8/8/2017,Channel B,1867,208,78.98,32
8/8/2017,Channel C,3692,414,56.63,9
8/8/2017,Channel D,5526,754,65.53,17
8/7/2017,Channel A,3151,821,61.8,8
8/7/2017,Channel B,1770,198,79.65,21
8/7/2017,Channel C,6719,700,51.26,7
8/7/2017,Channel D,5488,790,64.98,13
8/6/2017,Channel A,1418,347,58.83,5
8/6/2017,Channel B,1040,89,80.27,18
8/6/2017,Channel C,1719,193,59.56,5
8/6/2017,Channel D,2614,279,62.69,11
8/5/2017,Channel A,1299,283,60.2,9
8/5/2017,Channel B,1123,95,81.47,15
8/5/2017,Channel C,4173,333,58.19,5
8/5/2017,Channel D,2783,282,65.42,12
8/4/2017,Channel A,2316,551,65.05,5
8/4/2017,Channel B,1640,190,81.95,20
8/4/2017,Channel C,3184,302,61.07,5
8/4/2017,Channel D,4770,579,67.76,12
8/3/2017,Channel A,2658,626,63.92,5
8/3/2017,Channel B,1905,234,84.8,26
8/3/2017,Channel C,6421,596,59.31,6
8/3/2017,Channel D,5595,720,67.09,20
8/2/2017,Channel A,2879,720,61.94,8
8/2/2017,Channel B,2425,257,79.89,17
8/2/2017,Channel C,5673,525,56.33,10
8/2/2017,Channel D,5728,739,64.72,12
8/1/2017,Channel A,2915,755,62.82,6
8/1/2017,Channel B,1853,216,78.27,25
8/1/2017,Channel C,3381,351,58.87,12
8/1/2017,Channel D,5812,787,63.5,14
7/31/2017,Channel A,3049,772,60.89,7
7/31/2017,Channel B,1754,206,81,33
7/31/2017,Channel C,6126,603,56.45,7
7/31/2017,Channel D,5584,772,64.24,12
7/30/2017,Channel A,1468,320,61.63,4
7/30/2017,Channel B,987,80,79.71,26
7/30/2017,Channel C,1642,197,58.3,11
7/30/2017,Channel D,2746,276,63.22,13
7/29/2017,Channel A,1441,299,62.54,4
7/29/2017,Channel B,1123,100,84.2,23
7/29/2017,Channel C,3465,266,60.19,8
7/29/2017,Channel D,2827,258,63.66,19
7/28/2017,Channel A,2265,526,62.78,8
7/28/2017,Channel B,1647,180,83.05,19
7/28/2017,Channel C,3156,302,58.46,11
7/28/2017,Channel D,4714,557,66,14
7/27/2017,Channel A,2531,612,61.89,8
7/27/2017,Channel B,1870,224,82.87,33
7/27/2017,Channel C,6626,683,58.57,5
7/27/2017,Channel D,5451,705,65.33,16
7/26/2017,Channel A,2796,712,60.99,9
7/26/2017,Channel B,2201,248,78.59,18
7/26/2017,Channel C,5679,558,54.55,9
7/26/2017,Channel D,5647,732,65.37,16
7/25/2017,Channel A,2619,654,61.63,6
7/25/2017,Channel B,1978,228,82.94,24
7/25/2017,Channel C,3238,373,56.9,8
7/25/2017,Channel D,5630,749,65.87,16
7/24/2017,Channel A,2653,672,61.32,7
7/24/2017,Channel B,1849,199,82.78,23
7/24/2017,Channel C,6523,666,51.93,6
7/24/2017,Channel D,5696,768,64.59,15
7/23/2017,Channel A,1384,288,59.4,3
7/23/2017,Channel B,1061,83,89.08,24
7/23/2017,Channel C,1912,206,57.24,5
7/23/2017,Channel D,2664,283,66.45,17
7/22/2017,Channel A,1322,262,63.29,5
7/22/2017,Channel B,1113,97,85.71,22
7/22/2017,Channel C,5804,383,60.04,11
7/22/2017,Channel D,2797,238,61.93,13
7/21/2017,Channel A,2134,492,63.73,6
7/21/2017,Channel B,1628,177,84.67,16
7/21/2017,Channel C,2896,237,61.22,11
7/21/2017,Channel D,4802,605,66.55,14
7/20/2017,Channel A,2603,607,63.82,6
7/20/2017,Channel B,1765,201,84.93,16
7/20/2017,Channel C,5806,506,59.14,7
7/20/2017,Channel D,5345,722,67.61,19
7/19/2017,Channel A,2969,636,61.28,9
7/19/2017,Channel B,2028,180,78.81,17
7/19/2017,Channel C,5665,479,54.57,10
7/19/2017,Channel D,5668,720,65.75,10
7/18/2017,Channel A,2828,656,62.07,10
7/18/2017,Channel B,1849,211,83.22,24
7/18/2017,Channel C,3834,348,57.52,10
7/18/2017,Channel D,5314,787,64.9,19
7/17/2017,Channel A,2976,729,61.4,5
7/17/2017,Channel B,1724,181,78.92,30
7/17/2017,Channel C,5837,569,52.45,5
7/17/2017,Channel D,5377,793,64.56,20
7/16/2017,Channel A,1418,300,58.95,3
7/16/2017,Channel B,1024,77,81.91,24
7/16/2017,Channel C,1503,144,56.62,10
7/16/2017,Channel D,2421,281,62.86,13
7/15/2017,Channel A,1357,273,61.81,8
7/15/2017,Channel B,1112,82,85.75,29
7/15/2017,Channel C,3699,236,57.51,9
7/15/2017,Channel D,2651,251,67.29,19
7/14/2017,Channel A,2323,538,63.68,9
7/14/2017,Channel B,1650,172,84.83,19
7/14/2017,Channel C,3022,238,61.78,10
7/14/2017,Channel D,4854,634,66.63,15
7/13/2017,Channel A,2749,621,62.81,7
7/13/2017,Channel B,1851,210,84.53,20
7/13/2017,Channel C,5598,485,57.31,7
7/13/2017,Channel D,5682,707,64.97,20
7/12/2017,Channel A,2806,642,61.23,5
7/12/2017,Channel B,1872,201,88.21,33
7/12/2017,Channel C,6026,568,51.26,8
7/12/2017,Channel D,5588,675,64.07,15
7/11/2017,Channel A,2963,715,61.53,8
7/11/2017,Channel B,1878,217,82.92,29
7/11/2017,Channel C,5496,557,54.7,7
7/11/2017,Channel D,5450,717,64.96,20
7/10/2017,Channel A,3219,763,60.71,5
7/10/2017,Channel B,1837,178,80.54,23
7/10/2017,Channel C,7914,738,50.05,12
7/10/2017,Channel D,5590,747,64.17,16
7/9/2017,Channel A,1414,311,59.71,9
7/9/2017,Channel B,1062,80,82.82,15
7/9/2017,Channel C,1464,177,60.41,8
7/9/2017,Channel D,2707,253,63.83,14
7/8/2017,Channel A,1330,278,61.5,5
7/8/2017,Channel B,1154,93,84.2,26
7/8/2017,Channel C,3001,245,62.08,11
7/8/2017,Channel D,2949,264,67.42,18
7/7/2017,Channel A,2368,569,61.6,10
7/7/2017,Channel B,1796,199,83.57,15
7/7/2017,Channel C,3773,321,64.19,10
7/7/2017,Channel D,5017,601,65.91,19
7/6/2017,Channel A,2592,626,63.42,5
7/6/2017,Channel B,2075,256,86.43,17
7/6/2017,Channel C,5062,458,61.14,12
7/6/2017,Channel D,5402,677,65.52,18
7/5/2017,Channel A,2437,601,62.72,3
7/5/2017,Channel B,2072,220,81.56,15
7/5/2017,Channel C,4459,417,59.42,11
7/5/2017,Channel D,5014,665,64.79,13
7/4/2017,Channel A,1271,249,63.31,6
7/4/2017,Channel B,1036,92,88.17,24
7/4/2017,Channel C,1239,121,61.44,9
7/4/2017,Channel D,2345,222,63.86,14
7/3/2017,Channel A,1612,350,61.26,6
7/3/2017,Channel B,1356,140,85.09,35
7/3/2017,Channel C,3684,305,59.99,6
7/3/2017,Channel D,3834,417,65.09,20
7/2/2017,Channel A,1195,244,60.64,7
7/2/2017,Channel B,910,63,82.24,29
7/2/2017,Channel C,1234,120,59.56,11
7/2/2017,Channel D,2421,210,62.71,14
7/1/2017,Channel A,1298,283,62.78,9
7/1/2017,Channel B,1110,101,77.01,24
7/1/2017,Channel C,2899,210,61.81,10
7/1/2017,Channel D,2887,247,63.62,14
6/30/2017,Channel A,2119,527,62.38,3
6/30/2017,Channel B,1654,208,77.31,25
6/30/2017,Channel C,2956,300,59.72,8
6/30/2017,Channel D,4610,540,65.82,10
6/29/2017,Channel A,2431,605,62.2,7
6/29/2017,Channel B,1892,230,79.98,15
6/29/2017,Channel C,4474,384,62.28,5
6/29/2017,Channel D,5208,648,64.55,17
6/28/2017,Channel A,2584,625,61.88,6
6/28/2017,Channel B,1987,244,77.98,32
6/28/2017,Channel C,4877,434,57.32,6
6/28/2017,Channel D,5377,685,64.32,15
6/27/2017,Channel A,2642,658,63.09,6
6/27/2017,Channel B,1947,233,78.49,17
6/27/2017,Channel C,2870,260,59.99,11
6/27/2017,Channel D,5357,742,64.43,14
6/26/2017,Channel A,2752,708,61.37,7
6/26/2017,Channel B,1871,224,78.45,19
6/26/2017,Channel C,5093,470,57.68,6
6/26/2017,Channel D,5410,779,63.73,13
6/25/2017,Channel A,1258,265,61.09,10
6/25/2017,Channel B,1051,88,80.2,29
6/25/2017,Channel C,1445,151,58.14,8
6/25/2017,Channel D,2536,247,64.05,12
6/24/2017,Channel A,1210,252,61.94,6
6/24/2017,Channel B,1100,91,76.69,28
6/24/2017,Channel C,3264,228,61.79,6
6/24/2017,Channel D,2766,248,65.1,12
6/23/2017,Channel A,2233,528,62.92,4
6/23/2017,Channel B,1675,186,79.98,28
6/23/2017,Channel C,3005,300,60.86,10
6/23/2017,Channel D,4858,598,65.44,20
6/22/2017,Channel A,2682,653,62.9,5
6/22/2017,Channel B,1836,218,81.59,33
6/22/2017,Channel C,5251,468,56.83,8
6/22/2017,Channel D,5252,715,66.98,15
6/21/2017,Channel A,2677,631,61.43,8
6/21/2017,Channel B,1828,238,80.89,29
6/21/2017,Channel C,5203,468,53.38,9
6/21/2017,Channel D,5250,659,64.1,20
6/20/2017,Channel A,2826,678,60.65,10
6/20/2017,Channel B,1840,222,78.2,31
6/20/2017,Channel C,3398,303,56.55,6
6/20/2017,Channel D,5422,712,65.19,13
6/19/2017,Channel A,2873,692,60.78,3
6/19/2017,Channel B,1752,207,81.23,23
6/19/2017,Channel C,7111,627,50.56,9
6/19/2017,Channel D,5346,706,61.94,10
6/18/2017,Channel A,1469,291,59.9,8
6/18/2017,Channel B,858,87,74.29,17
6/18/2017,Channel C,1231,141,58.03,7
6/18/2017,Channel D,3010,290,60.7,14
6/17/2017,Channel A,1692,352,59.26,10
6/17/2017,Channel B,1011,92,75.48,33
6/17/2017,Channel C,2799,250,61.69,7
6/17/2017,Channel D,3724,346,63.02,10
6/16/2017,Channel A,2732,671,62.09,8
6/16/2017,Channel B,1728,216,75.53,34
6/16/2017,Channel C,2526,300,60.16,10
6/16/2017,Channel D,5819,797,65.17,10
6/15/2017,Channel A,4357,753,62.53,5
6/15/2017,Channel B,2135,284,77.01,27
6/15/2017,Channel C,4668,538,59.65,9
6/15/2017,Channel D,6133,835,64.24,16
6/14/2017,Channel A,3423,778,61.02,7
6/14/2017,Channel B,2284,282,71.53,24
6/14/2017,Channel C,5157,563,57,9
6/14/2017,Channel D,6170,869,63.23,10
6/13/2017,Channel A,3456,852,60.03,6
6/13/2017,Channel B,2440,262,73.77,35
6/13/2017,Channel C,2976,371,58.25,11
6/13/2017,Channel D,6064,830,63.77,14
6/12/2017,Channel A,3340,857,59.14,8
6/12/2017,Channel B,2120,240,78.12,28
6/12/2017,Channel C,6220,630,53.79,7
6/12/2017,Channel D,6036,827,62.95,19
6/11/2017,Channel A,1580,360,59.71,9
6/11/2017,Channel B,1144,122,67.44,17
6/11/2017,Channel C,1476,208,59.75,11
6/11/2017,Channel D,3032,310,61.59,14
6/10/2017,Channel A,1359,297,61.28,6
6/10/2017,Channel B,1139,114,73.91,17
6/10/2017,Channel C,2968,248,58.48,7
6/10/2017,Channel D,3124,276,62.38,18
6/9/2017,Channel A,2649,618,62,6
6/9/2017,Channel B,1979,240,75.13,33
6/9/2017,Channel C,3725,435,59.11,8
6/9/2017,Channel D,5196,656,65.5,19
6/8/2017,Channel A,2940,669,62.13,4
6/8/2017,Channel B,2669,295,78.83,21
6/8/2017,Channel C,4956,487,61.34,10
6/8/2017,Channel D,5731,699,65.05,20
6/7/2017,Channel A,3246,774,63.72,3
6/7/2017,Channel B,2378,258,79.2,18
6/7/2017,Channel C,4749,490,53.44,5
6/7/2017,Channel D,6009,763,65.38,10
6/6/2017,Channel A,3407,829,62.75,5
6/6/2017,Channel B,2142,258,74.64,31
6/6/2017,Channel C,2695,325,55.84,6
6/6/2017,Channel D,6128,789,63.36,11
6/5/2017,Channel A,3410,862,59.92,8
6/5/2017,Channel B,1973,247,75.54,23
6/5/2017,Channel C,5644,590,52.39,6
6/5/2017,Channel D,6249,822,61.99,10
6/4/2017,Channel A,1711,355,58.51,4
6/4/2017,Channel B,1077,98,71.23,16
6/4/2017,Channel C,1424,174,60.12,7
6/4/2017,Channel D,3112,334,59.82,13
6/3/2017,Channel A,1468,292,60.51,3
6/3/2017,Channel B,1236,106,79.71,19
6/3/2017,Channel C,2789,250,60.89,6
6/3/2017,Channel D,3204,276,65.59,19
6/2/2017,Channel A,2565,623,62.58,7
6/2/2017,Channel B,1822,226,78.51,28
6/2/2017,Channel C,2505,287,62.96,10
6/2/2017,Channel D,5418,671,67.21,12
6/1/2017,Channel A,3037,737,61.65,3
6/1/2017,Channel B,2143,282,77.87,32
6/1/2017,Channel C,4812,528,61.59,10
6/1/2017,Channel D,6206,779,65.04,20
5/31/2017,Channel A,3200,758,62.1,7
5/31/2017,Channel B,2362,278,75.42,29
5/31/2017,Channel C,4845,516,56.94,8
5/31/2017,Channel D,6412,825,63.63,18
5/30/2017,Channel A,3168,788,61.87,3
5/30/2017,Channel B,2353,372,72.35,26
5/30/2017,Channel C,4959,462,56.36,6
5/30/2017,Channel D,6463,817,63.22,19
5/29/2017,Channel A,1701,381,60.25,5
5/29/2017,Channel B,1417,166,73.61,22
5/29/2017,Channel C,1264,138,58.15,7
5/29/2017,Channel D,3331,331,64.67,13
5/28/2017,Channel A,1095,222,59.07,9
5/28/2017,Channel B,1034,99,68.08,34
5/28/2017,Channel C,1456,122,58.02,7
5/28/2017,Channel D,2516,194,63.11,12
5/27/2017,Channel A,1331,247,62.21,9
5/27/2017,Channel B,1392,134,68.16,22
5/27/2017,Channel C,2095,192,62.03,5
5/27/2017,Channel D,3039,240,66.07,20
5/26/2017,Channel A,2247,495,62.3,5
5/26/2017,Channel B,2405,267,70.11,20
5/26/2017,Channel C,2343,252,62.6,7
5/26/2017,Channel D,5305,579,67.54,12
5/25/2017,Channel A,3004,661,63.19,3
5/25/2017,Channel B,2029,305,72.62,18
5/25/2017,Channel C,5377,535,62.04,7
5/25/2017,Channel D,6156,712,65.56,16
5/24/2017,Channel A,3205,737,62.84,4
5/24/2017,Channel B,2209,347,72.01,29
5/24/2017,Channel C,5115,477,56.67,6
5/24/2017,Channel D,6429,785,66.02,20
5/23/2017,Channel A,3310,735,62.26,3
5/23/2017,Channel B,2151,306,71.67,17
5/23/2017,Channel C,6560,641,61.19,11
5/23/2017,Channel D,6709,789,63.74,15
5/22/2017,Channel A,3345,743,61.46,4
5/22/2017,Channel B,2054,275,72.1,27
5/22/2017,Channel C,6036,544,56.99,9
5/22/2017,Channel D,6926,871,63.84,19
5/21/2017,Channel A,1649,325,59.2,8
5/21/2017,Channel B,1256,126,70.56,25
5/21/2017,Channel C,1386,151,61.22,6
5/21/2017,Channel D,3427,326,62.71,20
5/20/2017,Channel A,1672,294,60.26,8
5/20/2017,Channel B,1368,160,71.79,21
5/20/2017,Channel C,2493,204,61.16,11
5/20/2017,Channel D,3737,290,63.93,19
5/19/2017,Channel A,2728,598,63.28,5
5/19/2017,Channel B,1968,269,76.49,15
5/19/2017,Channel C,2363,204,65.24,10
5/19/2017,Channel D,6339,723,66.47,14
5/18/2017,Channel A,3055,663,64,9
5/18/2017,Channel B,2258,315,75.5,34
5/18/2017,Channel C,3296,289,63.71,8
5/18/2017,Channel D,7196,788,65.52,18
5/17/2017,Channel A,3433,684,62.54,7
5/17/2017,Channel B,2384,311,74.76,16
5/17/2017,Channel C,3663,336,65.2,12
5/17/2017,Channel D,7703,820,63.86,19
5/16/2017,Channel A,3659,709,63.35,4
5/16/2017,Channel B,2571,293,75.07,29
5/16/2017,Channel C,3461,250,61.68,6
5/16/2017,Channel D,8789,850,66.61,10
5/15/2017,Channel A,5280,826,63.9,8
5/15/2017,Channel B,3096,321,71.16,32
5/15/2017,Channel C,5765,335,65.9,9
5/15/2017,Channel D,12377,1126,67.85,18
5/14/2017,Channel A,8844,1106,62.97,5
5/14/2017,Channel B,2735,246,66.15,21
5/14/2017,Channel C,6343,211,64.51,11
5/14/2017,Channel D,19382,1356,65.73,11
5/13/2017,Channel A,19847,3446,63.89,8
5/13/2017,Channel B,5079,647,63.05,16
5/13/2017,Channel C,16390,1403,67.99,8
5/13/2017,Channel D,38241,4351,67.82,13
5/12/2017,Channel A,30672,5875,64.38,9
5/12/2017,Channel B,10404,1745,64.39,20
5/12/2017,Channel C,34399,4032,66.4,12
5/12/2017,Channel D,49065,7760,68.32,20
5/11/2017,Channel A,32405,6843,62.56,9
5/11/2017,Channel B,20617,3268,61.61,20
5/11/2017,Channel C,45084,6606,60.5,6
5/11/2017,Channel D,45621,8824,64.71,20
5/10/2017,Channel A,31835,6933,61.24,4
5/10/2017,Channel B,25426,4069,60.25,35
5/10/2017,Channel C,49048,7553,59.42,6
5/10/2017,Channel D,43050,8212,63,19
5/9/2017,Channel A,25883,6095,59.72,3
5/9/2017,Channel B,48144,5522,58.7,17
5/9/2017,Channel C,47565,7361,59.25,11
5/9/2017,Channel D,38646,7004,62.33,11
5/8/2017,Channel A,19825,4760,60.19,9
5/8/2017,Channel B,12918,2698,59.31,26
5/8/2017,Channel C,54115,5510,57.92,7
5/8/2017,Channel D,29209,5145,62.32,19
5/7/2017,Channel A,12169,2615,58.46,3
5/7/2017,Channel B,7674,1508,57.95,24
5/7/2017,Channel C,19757,3248,58.93,5
5/7/2017,Channel D,13843,2177,63.54,18
5/6/2017,Channel A,9830,1994,56.73,5
5/6/2017,Channel B,8512,1153,59.79,31
5/6/2017,Channel C,14431,1812,58.35,8
5/6/2017,Channel D,10662,1441,64.21,16
5/5/2017,Channel A,10543,2246,61.21,9
5/5/2017,Channel B,29287,2925,59.75,27
5/5/2017,Channel C,16285,1990,60.63,6
5/5/2017,Channel D,15032,2128,61.71,16
5/4/2017,Channel A,11777,2305,59.62,3
5/4/2017,Channel B,21851,1712,61.83,35
5/4/2017,Channel C,20553,2205,59.43,12
5/4/2017,Channel D,15843,2068,62.9,15
5/3/2017,Channel A,9484,2150,59.86,10
5/3/2017,Channel B,6715,947,63.05,23
5/3/2017,Channel C,15486,1873,55.35,6
5/3/2017,Channel D,14974,1949,62.9,13
5/2/2017,Channel A,8879,1843,60.01,3
5/2/2017,Channel B,7013,778,62.5,27
5/2/2017,Channel C,12693,1628,56.94,11
5/2/2017,Channel D,14241,1862,62.23,14
5/1/2017,Channel A,7080,1583,60.85,6
5/1/2017,Channel B,3352,540,65.69,31
5/1/2017,Channel C,12564,1766,56.38,12
5/1/2017,Channel D,12930,1661,62.78,17
4/30/2017,Channel A,4386,925,59.51,4
4/30/2017,Channel B,1421,225,63.11,25
4/30/2017,Channel C,4627,656,61.91,10
4/30/2017,Channel D,6678,690,61.11,20
4/29/2017,Channel A,3068,570,60.85,3
4/29/2017,Channel B,1365,214,65.02,17
4/29/2017,Channel C,5597,604,58.8,8
4/29/2017,Channel D,5858,525,63.12,17
4/28/2017,Channel A,4394,925,62.44,6
4/28/2017,Channel B,2125,325,68.26,32
4/28/2017,Channel C,5678,711,62.13,10
4/28/2017,Channel D,9031,1037,64.31,16
4/27/2017,Channel A,5164,1118,62.93,5
4/27/2017,Channel B,2623,393,69.99,27
4/27/2017,Channel C,7584,1048,61.58,5
4/27/2017,Channel D,10354,1139,65.79,13
4/26/2017,Channel A,5331,1219,63.11,4
4/26/2017,Channel B,2410,360,73.04,18
4/26/2017,Channel C,5484,700,59.3,11
4/26/2017,Channel D,11981,1377,66.81,11
4/25/2017,Channel A,5299,1275,65.46,6
4/25/2017,Channel B,2444,360,71.39,18
4/25/2017,Channel C,5803,792,62.02,12
4/25/2017,Channel D,11402,1517,68.46,16
4/24/2017,Channel A,4774,1173,63.9,4
4/24/2017,Channel B,2146,306,72.03,17
4/24/2017,Channel C,5195,623,60.08,6
4/24/2017,Channel D,10202,1410,66.07,13
4/23/2017,Channel A,2180,479,60.54,4
4/23/2017,Channel B,1202,139,69.52,30
4/23/2017,Channel C,1250,204,60.68,7
4/23/2017,Channel D,5070,499,62.45,10
4/22/2017,Channel A,1959,367,63.58,10
4/22/2017,Channel B,1159,140,78,17
4/22/2017,Channel C,2827,295,62.73,11
4/22/2017,Channel D,5136,429,64.81,20
4/21/2017,Channel A,3262,724,64.65,3
4/21/2017,Channel B,2021,287,73.42,21
4/21/2017,Channel C,1954,290,66.21,6
4/21/2017,Channel D,8668,1063,67.09,17
4/20/2017,Channel A,3649,902,60.63,10
4/20/2017,Channel B,2319,350,77.07,26
4/20/2017,Channel C,4176,575,60.59,9
4/20/2017,Channel D,8984,1163,63.72,18
4/19/2017,Channel A,3639,921,60.83,4
4/19/2017,Channel B,2361,361,74.64,24
4/19/2017,Channel C,4336,461,57.89,6
4/19/2017,Channel D,8974,1212,63.2,18
4/18/2017,Channel A,3674,837,62.76,9
4/18/2017,Channel B,2242,297,80.4,22
4/18/2017,Channel C,4623,528,62.04,11
4/18/2017,Channel D,8437,1019,64.38,10
4/17/2017,Channel A,3514,806,61.83,10
4/17/2017,Channel B,2033,252,80.18,18
4/17/2017,Channel C,3795,388,58.56,10
4/17/2017,Channel D,8100,1034,62.77,12
4/16/2017,Channel A,1381,251,59.66,6
4/16/2017,Channel B,906,96,80.47,16
4/16/2017,Channel C,959,119,61.77,10
4/16/2017,Channel D,3744,347,63.55,15
4/15/2017,Channel A,1836,338,62.26,9
4/15/2017,Channel B,1138,115,74.35,34
4/15/2017,Channel C,3000,279,65.01,9
4/15/2017,Channel D,5182,455,63.01,14
4/14/2017,Channel A,3186,676,63.03,8
4/14/2017,Channel B,1793,241,73.79,18
4/14/2017,Channel C,4277,605,64.98,8
4/14/2017,Channel D,8328,1026,65.09,20
4/13/2017,Channel A,3976,887,62.09,4
4/13/2017,Channel B,2442,294,72.47,35
4/13/2017,Channel C,5550,833,60.5,6
4/13/2017,Channel D,9300,1202,64.46,11
4/12/2017,Channel A,4685,966,60.84,6
4/12/2017,Channel B,2668,340,69.3,20
4/12/2017,Channel C,6358,838,56.23,5
4/12/2017,Channel D,9486,1272,62.03,12
4/11/2017,Channel A,5386,895,59.3,10
4/11/2017,Channel B,2315,304,70.59,25
4/11/2017,Channel C,6411,906,58.56,5
4/11/2017,Channel D,9012,1209,61.15,14
4/10/2017,Channel A,5921,995,59.38,8
4/10/2017,Channel B,2520,342,70.97,23
4/10/2017,Channel C,6518,964,55.9,7
4/10/2017,Channel D,8712,1196,62.93,19
4/9/2017,Channel A,2124,441,58.37,10
4/9/2017,Channel B,1152,155,71.71,33
4/9/2017,Channel C,4036,539,57.79,11
4/9/2017,Channel D,4818,489,62.33,10
4/8/2017,Channel A,1885,364,60.92,8
4/8/2017,Channel B,1306,151,75.97,26
4/8/2017,Channel C,3164,348,58.95,8
4/8/2017,Channel D,4466,404,63.41,17
4/7/2017,Channel A,2904,641,61.59,7
4/7/2017,Channel B,1967,261,79.22,19
4/7/2017,Channel C,3950,605,60.39,12
4/7/2017,Channel D,7341,908,65.29,17
4/6/2017,Channel A,3634,788,64.81,10
4/6/2017,Channel B,2064,287,74.49,23
4/6/2017,Channel C,5000,594,61.34,5
4/6/2017,Channel D,8120,1022,65.05,17
4/5/2017,Channel A,3609,725,61.08,7
4/5/2017,Channel B,2187,252,74.12,28
4/5/2017,Channel C,5331,503,57.59,10
4/5/2017,Channel D,7992,904,63.38,17
4/4/2017,Channel A,3951,777,61.84,4
4/4/2017,Channel B,2377,221,77.6,16
4/4/2017,Channel C,2416,375,60.13,9
4/4/2017,Channel D,8029,896,64.44,12
4/3/2017,Channel A,3695,872,60.83,7
4/3/2017,Channel B,2688,274,72.07,24
4/3/2017,Channel C,4782,636,55.03,5
4/3/2017,Channel D,7756,1068,62.62,10
4/2/2017,Channel A,1776,396,57.9,6
4/2/2017,Channel B,1027,98,75.86,15
4/2/2017,Channel C,1224,235,58.09,10
4/2/2017,Channel D,3528,399,64.4,11
4/1/2017,Channel A,1621,344,62.28,7
4/1/2017,Channel B,1077,97,81.79,28
4/1/2017,Channel C,2496,288,57.7,12
4/1/2017,Channel D,3752,373,65.65,16
3/31/2017,Channel A,3170,754,63.59,7
3/31/2017,Channel B,1904,219,82.22,22
3/31/2017,Channel C,2057,330,60.78,7
3/31/2017,Channel D,6796,829,66.17,10
3/30/2017,Channel A,3568,862,62.47,6
3/30/2017,Channel B,2524,283,79.75,25
3/30/2017,Channel C,5219,612,59.71,10
3/30/2017,Channel D,7363,929,64.8,19
3/29/2017,Channel A,3650,878,62.03,8
3/29/2017,Channel B,2340,280,83.33,35
3/29/2017,Channel C,3954,513,56.33,12
3/29/2017,Channel D,7447,999,65.23,18
3/28/2017,Channel A,3764,944,60.8,10
3/28/2017,Channel B,1951,240,80.08,20
3/28/2017,Channel C,2891,531,56.93,12
3/28/2017,Channel D,7441,985,63.16,12
3/27/2017,Channel A,3710,908,60,4
3/27/2017,Channel B,1788,206,79.95,27
3/27/2017,Channel C,4764,530,53.28,9
3/27/2017,Channel D,7593,1032,63.35,12
3/26/2017,Channel A,1926,405,58.99,5
3/26/2017,Channel B,1004,100,78.49,17
3/26/2017,Channel C,1310,177,60.03,7
3/26/2017,Channel D,3915,421,62.32,18
3/25/2017,Channel A,1648,316,61.39,8
3/25/2017,Channel B,1083,103,84.11,25
3/25/2017,Channel C,2903,273,59.62,5
3/25/2017,Channel D,3918,354,62.61,18
3/24/2017,Channel A,2882,663,63.98,9
3/24/2017,Channel B,1678,183,88.16,28
3/24/2017,Channel C,2143,287,61.85,7
3/24/2017,Channel D,6563,808,65.57,17
3/23/2017,Channel A,3368,775,62.97,10
3/23/2017,Channel B,1880,227,81.55,32
3/23/2017,Channel C,4205,543,60.75,8
3/23/2017,Channel D,7276,971,64.67,13
3/22/2017,Channel A,3597,900,60.44,8
3/22/2017,Channel B,1934,251,82.04,23
3/22/2017,Channel C,4077,493,55.95,7
3/22/2017,Channel D,7388,974,63.99,11
3/21/2017,Channel A,3599,846,60.76,3
3/21/2017,Channel B,2053,252,78.55,27
3/21/2017,Channel C,2031,332,59,9
3/21/2017,Channel D,7383,1004,63.89,11
3/20/2017,Channel A,3812,945,60.26,9
3/20/2017,Channel B,1798,242,79.54,19
3/20/2017,Channel C,4721,550,55.89,10
3/20/2017,Channel D,7546,1015,62.57,20
3/19/2017,Channel A,1981,474,56.65,10
3/19/2017,Channel B,1046,100,76.88,32
3/19/2017,Channel C,1701,213,58.58,10
3/19/2017,Channel D,3780,414,61.06,13
3/18/2017,Channel A,1689,350,61.94,8
3/18/2017,Channel B,1109,92,76.67,32
3/18/2017,Channel C,3336,279,57.76,7
3/18/2017,Channel D,3601,365,63.05,11
3/17/2017,Channel A,2875,712,62.25,4
3/17/2017,Channel B,1587,185,81.13,32
3/17/2017,Channel C,8226,480,61.66,11
3/17/2017,Channel D,6428,816,64.53,19
3/16/2017,Channel A,3477,835,62.82,5
3/16/2017,Channel B,1938,223,82.98,22
3/16/2017,Channel C,4498,475,57.3,10
3/16/2017,Channel D,7355,967,65.03,19
3/15/2017,Channel A,3679,856,60.06,6
3/15/2017,Channel B,2257,267,82.2,33
3/15/2017,Channel C,3996,508,57.72,5
3/15/2017,Channel D,7022,972,63.83,20
3/14/2017,Channel A,3261,762,58.79,4
3/14/2017,Channel B,1948,196,82,17
3/14/2017,Channel C,1980,306,57.13,5
3/14/2017,Channel D,6401,912,64.31,20
3/13/2017,Channel A,3376,832,59.33,8
3/13/2017,Channel B,1748,210,80.61,18
3/13/2017,Channel C,5084,561,55.39,9
3/13/2017,Channel D,6761,919,62.73,20
3/12/2017,Channel A,1835,387,58.48,6
3/12/2017,Channel B,1009,92,78.02,25
3/12/2017,Channel C,1242,192,60.91,8
3/12/2017,Channel D,3440,375,62.91,12
3/11/2017,Channel A,1816,355,61.37,9
3/11/2017,Channel B,1080,103,85.68,34
3/11/2017,Channel C,3072,277,61.83,9
3/11/2017,Channel D,3730,359,63.75,19
3/10/2017,Channel A,3156,717,63.5,7
3/10/2017,Channel B,1802,203,81.7,15
3/10/2017,Channel C,2021,324,61.31,7
3/10/2017,Channel D,6601,897,65.09,13
3/9/2017,Channel A,3755,829,62.64,6
3/9/2017,Channel B,2047,252,81,16
3/9/2017,Channel C,3921,539,60.82,9
3/9/2017,Channel D,7383,1030,66.03,11
3/8/2017,Channel A,4032,962,63.83,7
3/8/2017,Channel B,2242,260,82,18
3/8/2017,Channel C,4100,504,61.09,5
3/8/2017,Channel D,8469,1249,64.75,19
3/7/2017,Channel A,3815,926,61.2,7
3/7/2017,Channel B,2114,253,79.72,29
3/7/2017,Channel C,2345,380,58.97,10
3/7/2017,Channel D,7964,1129,63.85,20
3/6/2017,Channel A,3834,977,61.11,3
3/6/2017,Channel B,1962,214,79,30
3/6/2017,Channel C,4440,568,57.59,7
3/6/2017,Channel D,7717,1097,63.42,15
3/5/2017,Channel A,2001,426,60.52,4
3/5/2017,Channel B,1185,103,82.38,20
3/5/2017,Channel C,1518,232,59.5,8
3/5/2017,Channel D,3847,425,61.35,18
3/4/2017,Channel A,1860,363,60.82,10
3/4/2017,Channel B,1223,108,82.89,17
3/4/2017,Channel C,3423,308,63.22,5
3/4/2017,Channel D,3917,374,63.77,16
3/3/2017,Channel A,3043,708,63.53,5
3/3/2017,Channel B,1901,204,80.87,30
3/3/2017,Channel C,2008,317,61.65,7
3/3/2017,Channel D,6763,868,65.79,20
3/2/2017,Channel A,3553,804,63.02,3
3/2/2017,Channel B,2094,230,81.8,30
3/2/2017,Channel C,4842,647,60.54,10
3/2/2017,Channel D,7544,999,65.68,11
3/1/2017,Channel A,3844,907,61.31,5
3/1/2017,Channel B,2343,238,80.93,24
3/1/2017,Channel C,5009,623,55.3,8
3/1/2017,Channel D,7681,999,64.95,14
2/28/2017,Channel A,3956,829,61.09,3
2/28/2017,Channel B,1972,216,79.94,20
2/28/2017,Channel C,2545,381,59.02,5
2/28/2017,Channel D,7548,977,64.44,11
2/27/2017,Channel A,3639,782,61.74,4
2/27/2017,Channel B,2030,209,81.5,28
2/27/2017,Channel C,5096,541,56.53,10
2/27/2017,Channel D,7640,928,64.59,20
2/26/2017,Channel A,2004,429,59.13,8
2/26/2017,Channel B,1159,97,78.32,19
2/26/2017,Channel C,1473,238,60.28,10
2/26/2017,Channel D,3881,437,61.44,16
2/25/2017,Channel A,1702,309,62.11,5
2/25/2017,Channel B,1267,103,81.83,21
2/25/2017,Channel C,3463,330,62.55,7
2/25/2017,Channel D,3919,368,64.05,13
2/24/2017,Channel A,3039,668,64.38,5
2/24/2017,Channel B,2095,226,81.81,29
2/24/2017,Channel C,2085,340,61.72,5
2/24/2017,Channel D,6612,785,65.19,19
2/23/2017,Channel A,3568,785,62.64,3
2/23/2017,Channel B,2182,239,79.44,28
2/23/2017,Channel C,5504,679,62.51,6
2/23/2017,Channel D,7328,893,66.5,20
2/22/2017,Channel A,3524,819,60.07,9
2/22/2017,Channel B,2367,249,84.56,27
2/22/2017,Channel C,4834,508,55.99,11
2/22/2017,Channel D,7426,891,62.9,13
2/21/2017,Channel A,3577,803,61.32,9
2/21/2017,Channel B,2476,244,81.06,34
2/21/2017,Channel C,2232,337,54.71,10
2/21/2017,Channel D,7588,917,64.35,19
2/20/2017,Channel A,3102,693,61.46,10
2/20/2017,Channel B,1934,196,75.76,24
2/20/2017,Channel C,4681,439,54.86,9
2/20/2017,Channel D,6592,734,64.7,11
2/19/2017,Channel A,1809,325,61.12,4
2/19/2017,Channel B,1235,97,82.75,34
2/19/2017,Channel C,1241,136,60.86,5
2/19/2017,Channel D,3928,350,64.13,14
2/18/2017,Channel A,1878,315,61.28,10
2/18/2017,Channel B,1340,97,83.89,23
2/18/2017,Channel C,2559,211,63.5,9
2/18/2017,Channel D,4474,346,64.97,15
2/17/2017,Channel A,3338,645,63.73,6
2/17/2017,Channel B,2176,218,82.91,15
2/17/2017,Channel C,2162,276,62.56,10
2/17/2017,Channel D,7796,824,66.5,15
2/16/2017,Channel A,4199,683,66.24,3
2/16/2017,Channel B,2567,250,83.99,22
2/16/2017,Channel C,4383,399,64.03,7
2/16/2017,Channel D,11325,1091,68.15,13
2/15/2017,Channel A,5717,749,65.56,3
2/15/2017,Channel B,3018,270,84.49,23
2/15/2017,Channel C,5623,316,67.01,12
2/15/2017,Channel D,17190,996,73.07,18
2/14/2017,Channel A,17533,1747,70.93,5
2/14/2017,Channel B,6574,371,75.43,16
2/14/2017,Channel C,21336,978,76.47,9
2/14/2017,Channel D,66501,2735,76.89,20
2/13/2017,Channel A,29697,6094,71.69,6
2/13/2017,Channel B,10799,1524,71.39,17
2/13/2017,Channel C,42595,6627,69.34,10
2/13/2017,Channel D,61776,9804,74.7,17
2/12/2017,Channel A,13825,2803,65.88,8
2/12/2017,Channel B,6358,953,66,18
2/12/2017,Channel C,29584,4044,64.67,8
2/12/2017,Channel D,23920,3282,69.5,15
2/11/2017,Channel A,11926,2126,64.6,9
2/11/2017,Channel B,6535,811,66.74,18
2/11/2017,Channel C,21608,2600,63.97,7
2/11/2017,Channel D,17779,2235,68.64,19
2/10/2017,Channel A,17683,3006,65.88,6
2/10/2017,Channel B,14073,1706,66.62,17
2/10/2017,Channel C,28694,3718,63.97,11
2/10/2017,Channel D,25280,3649,66.34,14
2/9/2017,Channel A,16308,2508,67.35,7
2/9/2017,Channel B,29862,2182,66.86,20
2/9/2017,Channel C,22502,2667,64.8,12
2/9/2017,Channel D,22589,2779,69.29,13
2/8/2017,Channel A,16423,2487,64.42,6
2/8/2017,Channel B,25395,1791,65.56,24
2/8/2017,Channel C,18305,2218,66.87,6
2/8/2017,Channel D,21931,2542,66.94,16
2/7/2017,Channel A,18600,2600,64.56,4
2/7/2017,Channel B,58932,3430,61.57,24
2/7/2017,Channel C,18704,2075,62.75,10
2/7/2017,Channel D,27467,2645,65.33,17
2/6/2017,Channel A,13699,1747,65.17,7
2/6/2017,Channel B,22791,1898,66.73,30
2/6/2017,Channel C,17919,1717,64.84,8
2/6/2017,Channel D,16625,1853,68.53,13
2/5/2017,Channel A,4688,756,62.9,8
2/5/2017,Channel B,2483,269,67.07,30
2/5/2017,Channel C,13290,1236,63.36,6
2/5/2017,Channel D,7727,669,68.57,20
2/4/2017,Channel A,4982,815,63.65,6
2/4/2017,Channel B,2740,295,68.19,33
2/4/2017,Channel C,9458,893,64.53,7
2/4/2017,Channel D,7767,675,70.56,18
2/3/2017,Channel A,7890,1479,63.72,7
2/3/2017,Channel B,4453,528,70.64,30
2/3/2017,Channel C,16320,1602,63.43,6
2/3/2017,Channel D,12240,1422,68.37,12
2/2/2017,Channel A,7514,1572,64.52,4
2/2/2017,Channel B,5928,576,73.6,29
2/2/2017,Channel C,16536,2044,66.68,7
2/2/2017,Channel D,13165,1463,67.9,10
2/1/2017,Channel A,7163,1425,63.78,10
2/1/2017,Channel B,8506,644,70.02,28
2/1/2017,Channel C,35713,1775,63.93,10
2/1/2017,Channel D,12564,1365,67.72,14
1/31/2017,Channel A,6188,1288,64.34,9
1/31/2017,Channel B,3411,386,70.72,24
1/31/2017,Channel C,12210,1191,63.46,11
1/31/2017,Channel D,11072,1188,66.59,20
1/30/2017,Channel A,5003,1101,61.82,5
1/30/2017,Channel B,2577,378,66.88,16
1/30/2017,Channel C,13082,1234,62.38,7
1/30/2017,Channel D,10554,1139,65.01,13
1/29/2017,Channel A,2670,573,52.99,9
1/29/2017,Channel B,1633,138,69.88,20
1/29/2017,Channel C,8375,752,61.31,5
1/29/2017,Channel D,5236,464,64.97,19
1/28/2017,Channel A,2365,410,61.41,3
1/28/2017,Channel B,1729,137,73.29,18
1/28/2017,Channel C,5085,472,61.46,9
1/28/2017,Channel D,5074,399,64.26,11
1/27/2017,Channel A,5060,902,58.66,5
1/27/2017,Channel B,3129,332,72.38,31
1/27/2017,Channel C,9914,979,62.16,11
1/27/2017,Channel D,8775,985,59.06,19
1/26/2017,Channel A,4685,941,58.39,5
1/26/2017,Channel B,4595,357,71.24,33
1/26/2017,Channel C,7066,679,59.59,5
1/26/2017,Channel D,9166,947,62.77,15
1/25/2017,Channel A,4589,924,64.87,5
1/25/2017,Channel B,2908,344,76.93,22
1/25/2017,Channel C,9143,914,61.89,6
1/25/2017,Channel D,8941,1023,67.02,20
1/24/2017,Channel A,4480,967,62.28,3
1/24/2017,Channel B,2288,290,74.44,27
1/24/2017,Channel C,9225,1263,62.69,11
1/24/2017,Channel D,8666,1053,66.93,20
1/23/2017,Channel A,4491,970,61.8,9
1/23/2017,Channel B,2139,264,75.01,32
1/23/2017,Channel C,9556,1108,60.66,8
1/23/2017,Channel D,8427,1039,64.72,15
1/22/2017,Channel A,2433,490,59.73,8
1/22/2017,Channel B,1289,146,74.38,19
1/22/2017,Channel C,4098,404,64.25,7
1/22/2017,Channel D,4381,452,61.34,12
1/21/2017,Channel A,2268,456,55.88,8
1/21/2017,Channel B,1337,120,77.08,34
1/21/2017,Channel C,3410,364,63.93,6
1/21/2017,Channel D,4092,391,59.73,12
1/20/2017,Channel A,3457,767,63.63,5
1/20/2017,Channel B,1805,220,77.14,32
1/20/2017,Channel C,5013,523,58.83,5
1/20/2017,Channel D,6593,778,68.11,18
1/19/2017,Channel A,4187,929,60.62,4
1/19/2017,Channel B,2306,286,77.61,29
1/19/2017,Channel C,5559,596,61.61,8
1/19/2017,Channel D,7581,876,65.86,13
1/18/2017,Channel A,4138,918,62.06,6
1/18/2017,Channel B,2652,319,74.77,31
1/18/2017,Channel C,8255,1015,58.18,6
1/18/2017,Channel D,7500,929,65.58,14
1/17/2017,Channel A,4106,955,60.46,4
1/17/2017,Channel B,2310,255,78.97,29
1/17/2017,Channel C,6803,702,62.09,10
1/17/2017,Channel D,7294,924,64.48,14
1/16/2017,Channel A,3593,759,61.36,8
1/16/2017,Channel B,1735,213,81,24
1/16/2017,Channel C,5505,565,59.08,12
1/16/2017,Channel D,5973,763,60.74,17
